{
  "polygons": [
    [
      [
        178.18255758170778,
        263.32938277348535
      ],
      [
        188.31519961569458,
        263.32938277348535
      ],
      [
        188.87810389229762,
        287.5350934099211
      ],
      [
        175.36793956645172,
        290.34971142517713
      ]
    ],
    [
      [
        189.80003356879797,
        266.800018311524
      ],
      [
        208.19999694770422,
        266.00000000097714
      ],
      [
        208.19999694770422,
        294.00000000097714
      ],
      [
        188.99999999946203,
        294.00000000097714
      ]
    ],
    [
      [
        146.60000610297766,
        262.800018311524
      ],
      [
        164.99999999946203,
        265.2000122080084
      ],
      [
        163.40000915473547,
        290.00000000097714
      ],
      [
        144.99999999946203,
        292.3999938974615
      ]
    ],
    [
      [
        128.20001220649328,
        264.3999938974615
      ],
      [
        144.20001220649328,
        266.00000000097714
      ],
      [
        142.60000610297766,
        290.00000000097714
      ],
      [
        129.80003356879797,
        290.800018311524
      ]
    ]
  ],
  "display_width": 392.0,
  "display_height": 180.5
}