{
  "polygons": [
    [
      [
        308.39999389644834,
        146.60002517656812
      ],
      [
        285.99999999996396,
        142.60002517656812
      ],
      [
        284.39999389644834,
        101.80003738359939
      ],
      [
        309.99999999996396,
        96.20003128008376
      ]
    ],
    [
      [
        282.80001831051084,
        147.400043487115
      ],
      [
        305.2000122069952,
        145.80003738359937
      ],
      [
        313.2000122069952,
        195.400043487115
      ],
      [
        283.6000061034796,
        193.00004959063062
      ]
    ],
    [
      [
        235.6000061034796,
        148.20003128008375
      ],
      [
        262.80001831051084,
        146.60002517656812
      ],
      [
        258.80001831051084,
        194.60002517656812
      ],
      [
        233.19999694820615,
        192.20003128008375
      ]
    ],
    [
      [
        234.8000335692999,
        102.60002517656814
      ],
      [
        234.8000335692999,
        142.60002517656812
      ],
      [
        210.8000335692999,
        143.400043487115
      ],
      [
        211.6000061034796,
        98.60002517656814
      ]
    ],
    [
      [
        208.4000091552374,
        142.60002517656812
      ],
      [
        233.19999694820615,
        143.400043487115
      ],
      [
        231.6000061034796,
        181.80003738359937
      ],
      [
        211.6000061034796,
        184.20003128008375
      ]
    ],
    [
      [
        181.99999999996396,
        142.60002517656812
      ],
      [
        203.6000061034796,
        142.60002517656812
      ],
      [
        206.8000335692999,
        183.400043487115
      ],
      [
        188.4000091552374,
        186.60002517656812
      ]
    ]
  ],
  "display_width": 785.5999755859375,
  "display_height": 385.89998626708984
}