{
  "polygons": [
    [
      [
        130.60000610351562,
        259.6000061035156
      ],
      [
        144.20001220703125,
        255.60000610351562
      ],
      [
        150.60000610351562,
        288.3999938964844
      ],
      [
        125.8000259399414,
        286.8000183105469
      ]
    ],
    [
      [
        160.20001220703125,
        259.6000061035156
      ],
      [
        176.20001220703125,
        258.8000183105469
      ],
      [
        177.80003356933594,
        283.6000061035156
      ],
      [
        157.80003356933594,
        283.6000061035156
      ]
    ],
    [
      [
        178.60000610351562,
        259.6000061035156
      ],
      [
        188.20001220703125,
        259.6000061035156
      ],
      [
        191.40000915527344,
        286
      ],
      [
        175.40000915527344,
        283.6000061035156
      ]
    ]
  ],
  "display_width": 392.0,
  "display_height": 164.5
}