{
  "polygons": [
    [
      [
        179.40000915527344,
        235.60000610351562
      ],
      [
        193,
        233.1999969482422
      ],
      [
        193,
        262
      ],
      [
        179.40000915527344,
        262.8000183105469
      ]
    ],
    [
      [
        167.40000915527344,
        261.20001220703125
      ],
      [
        174.60000610351562,
        261.20001220703125
      ],
      [
        175.40000915527344,
        282.8000183105469
      ],
      [
        156.20001220703125,
        286.8000183105469
      ]
    ],
    [
      [
        99.39999389648438,
        261.20001220703125
      ],
      [
        115.4000015258789,
        259.6000061035156
      ],
      [
        115.4000015258789,
        286.8000183105469
      ],
      [
        101,
        287.6000061035156
      ]
    ],
    [
      [
        133.80003356933594,
        231.60000610351562
      ],
      [
        134.60000610351562,
        254
      ],
      [
        149,
        254
      ],
      [
        151.40000915527344,
        230
      ]
    ]
  ],
  "display_width": 392.0,
  "display_height": 164.5
}