{
  "polygons": [
    [
      [
        173.80003356933594,
        262
      ],
      [
        189.80003356933594,
        260.3999938964844
      ],
      [
        191.40000915527344,
        292.3999938964844
      ],
      [
        174.60000610351562,
        292.3999938964844
      ]
    ],
    [
      [
        158.60000610351562,
        261.20001220703125
      ],
      [
        175.40000915527344,
        259.6000061035156
      ],
      [
        173.80003356933594,
        290
      ],
      [
        161.80003356933594,
        289.20001220703125
      ]
    ],
    [
      [
        146.60000610351562,
        262
      ],
      [
        157.80003356933594,
        260.3999938964844
      ],
      [
        161,
        284.3999938964844
      ],
      [
        147.40000915527344,
        287.6000061035156
      ]
    ],
    [
      [
        133,
        262
      ],
      [
        142.60000610351562,
        260.3999938964844
      ],
      [
        147.40000915527344,
        288.3999938964844
      ],
      [
        128.20001220703125,
        286
      ]
    ],
    [
      [
        117.8000259399414,
        260.3999938964844
      ],
      [
        129.80003356933594,
        260.3999938964844
      ],
      [
        133,
        287.6000061035156
      ],
      [
        113.8000259399414,
        286
      ]
    ]
  ],
  "display_width": 392.0,
  "display_height": 164.5
}