{
  "polygons": [
    [
      [
        281.8000183105469,
        154.4500217437744
      ],
      [
        305.8000183105469,
        154.4500217437744
      ],
      [
        303.3999938964844,
        200.8500461578369
      ],
      [
        277.8000183105469,
        200.05002784729004
      ]
    ],
    [
      [
        258.6000061035156,
        153.65003395080566
      ],
      [
        283.3999938964844,
        153.65003395080566
      ],
      [
        280.20001220703125,
        201.6500949859619
      ],
      [
        256.20001220703125,
        200.8500461578369
      ]
    ],
    [
      [
        234.60000610351562,
        156.05002784729004
      ],
      [
        256.20001220703125,
        153.65003395080566
      ],
      [
        256.20001220703125,
        153.65003395080566
      ],
      [
        252.20001220703125,
        201.6500949859619
      ],
      [
        229,
        200.05002784729004
      ]
    ],
    [
      [
        233,
        152.8500461578369
      ],
      [
        205.80003356933594,
        152.05002784729004
      ],
      [
        205.80003356933594,
        195.2500400543213
      ],
      [
        228.1999969482422,
        196.05002784729004
      ]
    ],
    [
      [
        202.60000610351562,
        154.4500217437744
      ],
      [
        201,
        201.6500949859619
      ],
      [
        169.80003356933594,
        200.05002784729004
      ],
      [
        177.80003356933594,
        152.05002784729004
      ]
    ],
    [
      [
        177,
        153.65003395080566
      ],
      [
        172.20001220703125,
        194.45005226135254
      ],
      [
        147.40000915527344,
        193.6500949859619
      ],
      [
        151.40000915527344,
        151.2500400543213
      ]
    ],
    [
      [
        156.1999969482422,
        101.65003395080566
      ],
      [
        160.1999969482422,
        147.2500400543213
      ],
      [
        183.40000915527344,
        143.2500400543213
      ],
      [
        184.20001220703125,
        108.05002784729004
      ]
    ]
  ],
  "display_width": 315.20001220703125,
  "display_height": 137.30000686645508
}