{
  "polygons": [
    [
      [
        177.80003356933594,
        261.20001220703125
      ],
      [
        188.20001220703125,
        261.20001220703125
      ],
      [
        188.20001220703125,
        292.3999938964844
      ],
      [
        174.60000610351562,
        290
      ]
    ],
    [
      [
        162.60000610351562,
        261.20001220703125
      ],
      [
        172.20001220703125,
        261.20001220703125
      ],
      [
        172.20001220703125,
        286.8000183105469
      ],
      [
        157.80003356933594,
        286.8000183105469
      ]
    ],
    [
      [
        147.40000915527344,
        263.6000061035156
      ],
      [
        157.80003356933594,
        262
      ],
      [
        159.40000915527344,
        284.3999938964844
      ],
      [
        147.40000915527344,
        284.3999938964844
      ]
    ],
    [
      [
        125,
        262
      ],
      [
        125.8000259399414,
        286
      ],
      [
        113.8000259399414,
        286
      ],
      [
        115.4000015258789,
        262
      ]
    ]
  ],
  "display_width": 392.0,
  "display_height": 164.5
}