{
  "polygons": [
    [
      [
        175.40000915527344,
        260.3999938964844
      ],
      [
        186.60000610351562,
        260.3999938964844
      ],
      [
        187.40000915527344,
        287.6000061035156
      ],
      [
        175.40000915527344,
        283.6000061035156
      ]
    ],
    [
      [
        131.40000915527344,
        226.80003356933594
      ],
      [
        147.40000915527344,
        226.80003356933594
      ],
      [
        145,
        261.20001220703125
      ],
      [
        128.20001220703125,
        258
      ]
    ],
    [
      [
        98.60000610351562,
        256.3999938964844
      ],
      [
        117.8000259399414,
        255.60000610351562
      ],
      [
        112.20001220703125,
        284.3999938964844
      ],
      [
        100.20001220703125,
        284.3999938964844
      ]
    ]
  ],
  "display_width": 392.0,
  "display_height": 164.5
}