{
  "polygons": [
    [
      [
        172.20001220703125,
        63.774993896484375
      ],
      [
        161,
        61.374969482421875
      ],
      [
        157.80003356933594,
        79.77499389648438
      ],
      [
        169.80003356933594,
        79.77499389648438
      ]
    ],
    [
      [
        139.40000915527344,
        58.17498779296875
      ],
      [
        145,
        58.17498779296875
      ],
      [
        149.80003356933594,
        42.17498779296875
      ],
      [
        141.80003356933594,
        41.374969482421875
      ]
    ],
    [
      [
        115.40000915527344,
        65.37496948242188
      ],
      [
        128.20001220703125,
        60.574981689453125
      ],
      [
        128.20001220703125,
        79.77499389648438
      ],
      [
        117,
        80.57504272460938
      ]
    ],
    [
      [
        190.16008549577367,
        60.35160890932184
      ],
      [
        199.90630627879824,
        59.09401462461834
      ],
      [
        198.33433441100757,
        41.8023120857277
      ],
      [
        188.58811362798303,
        42.74550480095695
      ]
    ]
  ],
  "display_width": 392.0,
  "display_height": 164.5
}