{
  "polygons": [
    [
      [
        220.60000610367263,
        112.05003356885206
      ],
      [
        239.80001831070388,
        112.05003356885206
      ],
      [
        239.000000000157,
        152.85002136182084
      ],
      [
        216.60000610367263,
        152.0500335688521
      ]
    ],
    [
      [
        219.80003356949294,
        115.25003051709425
      ],
      [
        198.1999969483992,
        112.85002136182081
      ],
      [
        200.60000610367263,
        76.85003662060987
      ],
      [
        221.40000915543044,
        76.85003662060987
      ]
    ],
    [
      [
        258.20001220718825,
        112.05003356885206
      ],
      [
        252.60000610367263,
        150.4500579829146
      ],
      [
        235.80003356949294,
        150.4500579829146
      ],
      [
        235.000000000157,
        114.45005798291456
      ]
    ],
    [
      [
        194.1999969483992,
        112.85002136182081
      ],
      [
        214.1999969483992,
        115.25003051709425
      ],
      [
        213.40000915543044,
        151.25003051709427
      ],
      [
        197.40000915543044,
        148.85002136182084
      ]
    ],
    [
      [
        163.000000000157,
        111.25003051709425
      ],
      [
        160.60000610367263,
        144.85002136182084
      ],
      [
        139.80003356949294,
        144.85002136182084
      ],
      [
        142.20001220718825,
        111.25003051709425
      ]
    ],
    [
      [
        161.40000915543044,
        111.25003051709425
      ],
      [
        159.80003356949294,
        144.85002136182084
      ],
      [
        178.20001220718825,
        146.4500579829146
      ],
      [
        180.60000610367263,
        113.65002441357862
      ]
    ]
  ],
  "display_width": 606.4000244140625,
  "display_height": 301.10001373291016
}