{
  "polygons": [
    [
      [
        212.63077265995258,
        268.67150133135635
      ],
      [
        220.87552803498903,
        268.39668034568797
      ],
      [
        220.05105983610937,
        285.4358435508463
      ],
      [
        211.25664676411319,
        285.16101208142925
      ]
    ],
    [
      [
        221.70000147574294,
        270.32045869661283
      ],
      [
        230.49440930586485,
        270.32045869661283
      ],
      [
        230.2195830783221,
        288.7337477976106
      ],
      [
        218.40209722897865,
        287.6344428874396
      ]
    ],
    [
      [
        90.5139797020745,
        268.2026265052621
      ],
      [
        99.3083822903221,
        268.7522789603476
      ],
      [
        100.6825081861615,
        286.3410841368428
      ],
      [
        88.86502757869235,
        285.24178971042045
      ]
    ],
    [
      [
        98.20909310577403,
        268.47744749093056
      ],
      [
        109.75174224382616,
        268.7522789603476
      ],
      [
        108.37761634798673,
        292.9368926303714
      ],
      [
        96.5601304986433,
        291.01311427944654
      ]
    ],
    [
      [
        117.17201893623437,
        267.92779503584507
      ],
      [
        125.69160578068784,
        268.47744749093056
      ],
      [
        124.59232183801404,
        287.4403890470138
      ],
      [
        114.97343532526392,
        285.79143168175733
      ]
    ]
  ],
  "display_width": 392.0,
  "display_height": 180.5
}