{
  "polygons": [
    [
      [
        176.20001220703125,
        258.8000183105469
      ],
      [
        164.20001220703125,
        258
      ],
      [
        159.40000915527344,
        284.3999938964844
      ],
      [
        171.40000915527344,
        285.20001220703125
      ]
    ],
    [
      [
        146.60000610351562,
        260.3999938964844
      ],
      [
        157.80003356933594,
        260.3999938964844
      ],
      [
        157.80003356933594,
        284.3999938964844
      ],
      [
        145,
        284.3999938964844
      ]
    ],
    [
      [
        99.39999389648438,
        260.3999938964844
      ],
      [
        113.8000259399414,
        260.3999938964844
      ],
      [
        115.4000015258789,
        283.6000061035156
      ],
      [
        99.39999389648438,
        284.3999938964844
      ]
    ],
    [
      [
        136.20001220703125,
        232.40000915527344
      ],
      [
        133,
        255.60000610351562
      ],
      [
        145.80003356933594,
        256.3999938964844
      ],
      [
        149.80003356933594,
        231.60000610351562
      ]
    ]
  ],
  "display_width": 432.0,
  "display_height": 578.4000244140625
}