{
  "polygons": [
    [
      [
        177.80003356933594,
        261.20001220703125
      ],
      [
        188.20001220703125,
        261.20001220703125
      ],
      [
        188.20001220703125,
        292.3999938964844
      ],
      [
        174.60000610351562,
        290
      ]
    ],
    [
      [
        162.60000610351562,
        261.20001220703125
      ],
      [
        172.20001220703125,
        261.20001220703125
      ],
      [
        172.20001220703125,
        286.8000183105469
      ],
      [
        157.80003356933594,
        286.8000183105469
      ]
    ],
    [
      [
        147.40000915527344,
        263.6000061035156
      ],
      [
        157.80003356933594,
        262
      ],
      [
        159.40000915527344,
        284.3999938964844
      ],
      [
        147.40000915527344,
        284.3999938964844
      ]
    ],
    [
      [
        125,
        262
      ],
      [
        125.8000259399414,
        286
      ],
      [
        113.8000259399414,
        286
      ],
      [
        115.4000015258789,
        262
      ]
    ],
    [
      [
        169,
        61.73753918148577
      ],
      [
        177,
        61.73753918148577
      ],
      [
        175.40000915527344,
        79.3375452850014
      ],
      [
        165,
        79.3375452850014
      ]
    ],
    [
      [
        177,
        64.9375208709389
      ],
      [
        182.60000610351562,
        64.9375208709389
      ],
      [
        184.20001220703125,
        83.3375452850014
      ],
      [
        177,
        81.73753918148577
      ]
    ],
    [
      [
        139.40000915527344,
        64.13753307797015
      ],
      [
        148.20001220703125,
        63.3375452850014
      ],
      [
        148.20001220703125,
        80.13753307797015
      ],
      [
        136.20001220703125,
        80.13753307797015
      ]
    ],
    [
      [
        105.8000259399414,
        63.3375452850014
      ],
      [
        113.80003356933594,
        63.3375452850014
      ],
      [
        117.80003356933594,
        77.73753918148577
      ],
      [
        105.8000259399414,
        77.73753918148577
      ]
    ]
  ],
  "display_width": 392.0,
  "display_height": 164.5
}