{
  "polygons": [
    [
      [
        177,
        258.8000183105469
      ],
      [
        192.20001220703125,
        262
      ],
      [
        192.20001220703125,
        290
      ],
      [
        177,
        287.6000061035156
      ]
    ]
  ],
  "display_width": 392.0,
  "display_height": 164.5
}